<ImportExportXml version="9.2.23051.252" SolutionPackageVersion="9.2" languagecode="1033" generatedBy="CrmLive" xmlns:xsi="http://www.w3.org/2001/XMLSchema-instance">
  <SolutionManifest>
    <UniqueName>ProcessMonitoring</UniqueName>
    <LocalizedNames>
      <LocalizedName description="Process Monitoring" languagecode="1033" />
    </LocalizedNames>
    <Descriptions />
    <Version>1.0.0.1</Version>
    <Managed>0</Managed>
    <Publisher>
      <UniqueName>mrok</UniqueName>
      <LocalizedNames>
        <LocalizedName description="Michal Rok" languagecode="1033" />
      </LocalizedNames>
      <Descriptions />
      <EMailAddress xsi:nil="true"></EMailAddress>
      <SupportingWebsiteUrl xsi:nil="true"></SupportingWebsiteUrl>
      <CustomizationPrefix>mrok</CustomizationPrefix>
      <CustomizationOptionValuePrefix>45233</CustomizationOptionValuePrefix>
      <Addresses>
        <Address>
          <AddressNumber>1</AddressNumber>
          <AddressTypeCode>1</AddressTypeCode>
          <City xsi:nil="true"></City>
          <County xsi:nil="true"></County>
          <Country xsi:nil="true"></Country>
          <Fax xsi:nil="true"></Fax>
          <FreightTermsCode xsi:nil="true"></FreightTermsCode>
          <ImportSequenceNumber xsi:nil="true"></ImportSequenceNumber>
          <Latitude xsi:nil="true"></Latitude>
          <Line1 xsi:nil="true"></Line1>
          <Line2 xsi:nil="true"></Line2>
          <Line3 xsi:nil="true"></Line3>
          <Longitude xsi:nil="true"></Longitude>
          <Name xsi:nil="true"></Name>
          <PostalCode xsi:nil="true"></PostalCode>
          <PostOfficeBox xsi:nil="true"></PostOfficeBox>
          <PrimaryContactName xsi:nil="true"></PrimaryContactName>
          <ShippingMethodCode>1</ShippingMethodCode>
          <StateOrProvince xsi:nil="true"></StateOrProvince>
          <Telephone1 xsi:nil="true"></Telephone1>
          <Telephone2 xsi:nil="true"></Telephone2>
          <Telephone3 xsi:nil="true"></Telephone3>
          <TimeZoneRuleVersionNumber xsi:nil="true"></TimeZoneRuleVersionNumber>
          <UPSZone xsi:nil="true"></UPSZone>
          <UTCOffset xsi:nil="true"></UTCOffset>
          <UTCConversionTimeZoneCode xsi:nil="true"></UTCConversionTimeZoneCode>
        </Address>
        <Address>
          <AddressNumber>2</AddressNumber>
          <AddressTypeCode>1</AddressTypeCode>
          <City xsi:nil="true"></City>
          <County xsi:nil="true"></County>
          <Country xsi:nil="true"></Country>
          <Fax xsi:nil="true"></Fax>
          <FreightTermsCode xsi:nil="true"></FreightTermsCode>
          <ImportSequenceNumber xsi:nil="true"></ImportSequenceNumber>
          <Latitude xsi:nil="true"></Latitude>
          <Line1 xsi:nil="true"></Line1>
          <Line2 xsi:nil="true"></Line2>
          <Line3 xsi:nil="true"></Line3>
          <Longitude xsi:nil="true"></Longitude>
          <Name xsi:nil="true"></Name>
          <PostalCode xsi:nil="true"></PostalCode>
          <PostOfficeBox xsi:nil="true"></PostOfficeBox>
          <PrimaryContactName xsi:nil="true"></PrimaryContactName>
          <ShippingMethodCode>1</ShippingMethodCode>
          <StateOrProvince xsi:nil="true"></StateOrProvince>
          <Telephone1 xsi:nil="true"></Telephone1>
          <Telephone2 xsi:nil="true"></Telephone2>
          <Telephone3 xsi:nil="true"></Telephone3>
          <TimeZoneRuleVersionNumber xsi:nil="true"></TimeZoneRuleVersionNumber>
          <UPSZone xsi:nil="true"></UPSZone>
          <UTCOffset xsi:nil="true"></UTCOffset>
          <UTCConversionTimeZoneCode xsi:nil="true"></UTCConversionTimeZoneCode>
        </Address>
      </Addresses>
    </Publisher>
    <RootComponents>
      <RootComponent type="1" schemaName="flowmachine" behavior="2" />
      <RootComponent type="1" schemaName="flowmachinegroup" behavior="2" />
      <RootComponent type="1" schemaName="mrok_businessprocess" behavior="0" />
      <RootComponent type="1" schemaName="mrok_cloudflowrunhistory" behavior="0" />
      <RootComponent type="1" schemaName="workflow" behavior="2" />
      <RootComponent type="29" id="{34d7a770-7e03-ee11-8f6e-002248087418}" behavior="0" />
      <RootComponent type="29" id="{4040dd84-9dff-ed11-8f6e-002248087418}" behavior="0" />
      <RootComponent type="29" id="{4b3f08e6-caff-ed11-8f6e-002248087418}" behavior="0" />
      <RootComponent type="29" id="{540d6f65-99ff-ed11-8f6e-002248087418}" behavior="0" />
      <RootComponent type="29" id="{644abc25-8103-ee11-8f6e-002248087418}" behavior="0" />
      <RootComponent type="29" id="{7b3574e2-a9ff-ed11-8f6e-002248087418}" behavior="0" />
      <RootComponent type="29" id="{f4451078-caff-ed11-8f6e-002248087418}" behavior="0" />
      <RootComponent type="61" schemaName="mrok_bpListIcons" behavior="0" />
      <RootComponent type="61" schemaName="mrok_green" behavior="0" />
      <RootComponent type="61" schemaName="mrok_red" behavior="0" />
      <RootComponent type="61" schemaName="mrok_yellow" behavior="0" />
      <RootComponent type="62" schemaName="mrok_Monitoring" behavior="0" />
      <RootComponent type="80" schemaName="mrok_Monitoring" behavior="0" />
    </RootComponents>
    <MissingDependencies>
      <MissingDependency>
        <Required type="1" schemaName="connectionreference" displayName="Connection Reference" solution="PowerPlatformConnectionReferences (1.3.1.0)" />
        <Dependent type="29" displayName="Update Cloud Flow information" id="{540d6f65-99ff-ed11-8f6e-002248087418}" />
      </MissingDependency>
      <MissingDependency>
        <Required type="1" schemaName="flowmachine" displayName="Flow Machine" solution="MicrosoftFlowExtensionsCore (1.5.2.0)">
          <package>MicrosoftFlowExtensionsAnchor (1.5.2.0)</package>
        </Required>
        <Dependent type="1" schemaName="flowmachine" displayName="Flow Machine" />
      </MissingDependency>
      <MissingDependency>
        <Required type="1" schemaName="flowmachine" displayName="Flow Machine" solution="MicrosoftFlowExtensionsCore (1.5.2.0)">
          <package>MicrosoftFlowExtensionsAnchor (1.5.2.0)</package>
        </Required>
        <Dependent type="10" schemaName="mrok_BusinessProcess_flowmachine_flowmach" displayName="mrok_BusinessProcess_flowmachine_flowmach" parentSchemaName="flowmachine" parentDisplayName="Flow Machine" />
      </MissingDependency>
      <MissingDependency>
        <Required type="1" schemaName="flowmachine" displayName="Flow Machine" solution="MicrosoftFlowExtensionsCore (1.5.2.0)">
          <package>MicrosoftFlowExtensionsAnchor (1.5.2.0)</package>
        </Required>
        <Dependent type="29" displayName="Retrieve single machine status" id="{4040dd84-9dff-ed11-8f6e-002248087418}" />
      </MissingDependency>
      <MissingDependency>
        <Required type="1" schemaName="flowmachine" displayName="Flow Machine" solution="MicrosoftFlowExtensionsCore (1.5.2.0)">
          <package>MicrosoftFlowExtensionsAnchor (1.5.2.0)</package>
        </Required>
        <Dependent type="29" displayName="Update Desktop Flow information" id="{7b3574e2-a9ff-ed11-8f6e-002248087418}" />
      </MissingDependency>
      <MissingDependency>
        <Required type="1" schemaName="flowmachinegroup" displayName="Flow Machine Group" solution="MicrosoftFlowExtensionsCore (1.5.2.0)">
          <package>MicrosoftFlowExtensionsAnchor (1.5.2.0)</package>
        </Required>
        <Dependent type="1" schemaName="flowmachinegroup" displayName="Flow Machine Group" />
      </MissingDependency>
      <MissingDependency>
        <Required type="1" schemaName="flowmachinegroup" displayName="Flow Machine Group" solution="MicrosoftFlowExtensionsCore (1.5.2.0)">
          <package>MicrosoftFlowExtensionsAnchor (1.5.2.0)</package>
        </Required>
        <Dependent type="10" schemaName="mrok_BusinessProcess_flowmachinegroup_flo" displayName="mrok_BusinessProcess_flowmachinegroup_flo" parentSchemaName="flowmachinegroup" parentDisplayName="Flow Machine Group" />
      </MissingDependency>
      <MissingDependency>
        <Required type="2" schemaName="flowmachineid" displayName="Flow Machine" parentSchemaName="flowmachine" parentDisplayName="Flow Machine" solution="MicrosoftFlowExtensionsCore (1.5.2.0)">
          <package>MicrosoftFlowExtensionsAnchor (1.5.2.0)</package>
        </Required>
        <Dependent type="10" schemaName="mrok_BusinessProcess_flowmachine_flowmach" displayName="mrok_BusinessProcess_flowmachine_flowmach" parentSchemaName="flowmachine" parentDisplayName="Flow Machine" />
      </MissingDependency>
      <MissingDependency>
        <Required type="2" schemaName="name" displayName="Name" parentSchemaName="flowmachine" parentDisplayName="Flow Machine" solution="MicrosoftFlowExtensionsCore (1.5.2.0)">
          <package>MicrosoftFlowExtensionsAnchor (1.5.2.0)</package>
        </Required>
        <Dependent type="10" schemaName="mrok_BusinessProcess_flowmachine_flowmach" displayName="mrok_BusinessProcess_flowmachine_flowmach" parentSchemaName="flowmachine" parentDisplayName="Flow Machine" />
      </MissingDependency>
      <MissingDependency>
        <Required type="2" schemaName="flowmachinegroupid" displayName="Flow Machine Group" parentSchemaName="flowmachinegroup" parentDisplayName="Flow Machine Group" solution="MicrosoftFlowExtensionsCore (1.5.2.0)">
          <package>MicrosoftFlowExtensionsAnchor (1.5.2.0)</package>
        </Required>
        <Dependent type="10" schemaName="mrok_BusinessProcess_flowmachinegroup_flo" displayName="mrok_BusinessProcess_flowmachinegroup_flo" parentSchemaName="flowmachinegroup" parentDisplayName="Flow Machine Group" />
      </MissingDependency>
      <MissingDependency>
        <Required type="2" schemaName="name" displayName="Name" parentSchemaName="flowmachinegroup" parentDisplayName="Flow Machine Group" solution="MicrosoftFlowExtensionsCore (1.5.2.0)">
          <package>MicrosoftFlowExtensionsAnchor (1.5.2.0)</package>
        </Required>
        <Dependent type="10" schemaName="mrok_BusinessProcess_flowmachinegroup_flo" displayName="mrok_BusinessProcess_flowmachinegroup_flo" parentSchemaName="flowmachinegroup" parentDisplayName="Flow Machine Group" />
      </MissingDependency>
      <MissingDependency>
        <Required type="2" schemaName="definition" displayName="Definition" parentSchemaName="workflow" parentDisplayName="Process" solution="MicrosoftFlowExtensionsWorkflowCustomization (1.5.2.0)">
          <package>MicrosoftFlowExtensionsAnchor (1.5.2.0)</package>
        </Required>
        <Dependent type="26" schemaName="All Desktop Flows" displayName="All Desktop Flows" parentSchemaName="workflow" parentDisplayName="Process" id="{85e70082-97ff-ed11-8f6e-002248087418}" />
      </MissingDependency>
      <MissingDependency>
        <Required type="2" schemaName="inputs" displayName="Inputs" parentSchemaName="workflow" parentDisplayName="Process" solution="MicrosoftFlowExtensionsWorkflowCustomization (1.5.2.0)">
          <package>MicrosoftFlowExtensionsAnchor (1.5.2.0)</package>
        </Required>
        <Dependent type="26" schemaName="All Desktop Flows" displayName="All Desktop Flows" parentSchemaName="workflow" parentDisplayName="Process" id="{85e70082-97ff-ed11-8f6e-002248087418}" />
      </MissingDependency>
      <MissingDependency>
        <Required type="2" schemaName="metadata" displayName="Metadata" parentSchemaName="workflow" parentDisplayName="Process" solution="MicrosoftFlowExtensionsWorkflowCustomization (1.5.2.0)">
          <package>MicrosoftFlowExtensionsAnchor (1.5.2.0)</package>
        </Required>
        <Dependent type="26" schemaName="All Desktop Flows" displayName="All Desktop Flows" parentSchemaName="workflow" parentDisplayName="Process" id="{85e70082-97ff-ed11-8f6e-002248087418}" />
      </MissingDependency>
      <MissingDependency>
        <Required type="2" schemaName="outputs" displayName="Outputs" parentSchemaName="workflow" parentDisplayName="Process" solution="MicrosoftFlowExtensionsWorkflowCustomization (1.5.2.0)">
          <package>MicrosoftFlowExtensionsAnchor (1.5.2.0)</package>
        </Required>
        <Dependent type="26" schemaName="All Desktop Flows" displayName="All Desktop Flows" parentSchemaName="workflow" parentDisplayName="Process" id="{85e70082-97ff-ed11-8f6e-002248087418}" />
      </MissingDependency>
      <MissingDependency>
        <Required type="61" schemaName="msdyn_/Images/AppModule_Default_Icon.png" displayName="msdyn_/Images/AppModule_Default_Icon.png" solution="AppModuleWebResources (2.5)" />
        <Dependent type="80" schemaName="mrok_Monitoring" displayName="Monitoring" />
      </MissingDependency>
      <MissingDependency>
        <Required type="66" schemaName="MscrmControls.FieldControls.ToggleControl" displayName="MscrmControls.FieldControls.ToggleControl" solution="BaseCustomControlsCore (9.0.2305.1014)" />
        <Dependent type="60" displayName="Information" parentDisplayName="Business Process" id="{e88f0618-1243-44fd-88f7-159009db49a5}" />
      </MissingDependency>
      <MissingDependency>
        <Required type="connectionreference" displayName="rpakit_sharedcommondataserviceforapps_947e5" solution="OrchestrationCenter (1.1.0.21)" id.connectionreferencelogicalname="rpakit_sharedcommondataserviceforapps_947e5" />
        <Dependent type="29" displayName="Update machine status on request" id="{34d7a770-7e03-ee11-8f6e-002248087418}" />
      </MissingDependency>
      <MissingDependency>
        <Required type="connectionreference" displayName="rpakit_sharedcommondataserviceforapps_947e5" solution="OrchestrationCenter (1.1.0.21)" id.connectionreferencelogicalname="rpakit_sharedcommondataserviceforapps_947e5" />
        <Dependent type="29" displayName="Retrieve single machine status" id="{4040dd84-9dff-ed11-8f6e-002248087418}" />
      </MissingDependency>
      <MissingDependency>
        <Required type="connectionreference" displayName="rpakit_sharedcommondataserviceforapps_947e5" solution="OrchestrationCenter (1.1.0.21)" id.connectionreferencelogicalname="rpakit_sharedcommondataserviceforapps_947e5" />
        <Dependent type="29" displayName="Business Process Ends" id="{4b3f08e6-caff-ed11-8f6e-002248087418}" />
      </MissingDependency>
      <MissingDependency>
        <Required type="connectionreference" displayName="rpakit_sharedcommondataserviceforapps_947e5" solution="OrchestrationCenter (1.1.0.21)" id.connectionreferencelogicalname="rpakit_sharedcommondataserviceforapps_947e5" />
        <Dependent type="29" displayName="Update Cloud Flow information" id="{540d6f65-99ff-ed11-8f6e-002248087418}" />
      </MissingDependency>
      <MissingDependency>
        <Required type="connectionreference" displayName="rpakit_sharedcommondataserviceforapps_947e5" solution="OrchestrationCenter (1.1.0.21)" id.connectionreferencelogicalname="rpakit_sharedcommondataserviceforapps_947e5" />
        <Dependent type="29" displayName="Update all machine statuses" id="{644abc25-8103-ee11-8f6e-002248087418}" />
      </MissingDependency>
      <MissingDependency>
        <Required type="connectionreference" displayName="rpakit_sharedcommondataserviceforapps_947e5" solution="OrchestrationCenter (1.1.0.21)" id.connectionreferencelogicalname="rpakit_sharedcommondataserviceforapps_947e5" />
        <Dependent type="29" displayName="Update Desktop Flow information" id="{7b3574e2-a9ff-ed11-8f6e-002248087418}" />
      </MissingDependency>
      <MissingDependency>
        <Required type="connectionreference" displayName="rpakit_sharedcommondataserviceforapps_947e5" solution="OrchestrationCenter (1.1.0.21)" id.connectionreferencelogicalname="rpakit_sharedcommondataserviceforapps_947e5" />
        <Dependent type="29" displayName="Business Process Starts" id="{f4451078-caff-ed11-8f6e-002248087418}" />
      </MissingDependency>
    </MissingDependencies>
  </SolutionManifest>
</ImportExportXml>