{
  "properties": {
    "connectionReferences": {
      "shared_commondataserviceforapps": {
        "runtimeSource": "embedded",
        "connection": {
          "connectionReferenceLogicalName": "rpakit_sharedcommondataserviceforapps_947e5"
        },
        "api": {
          "name": "shared_commondataserviceforapps"
        }
      }
    },
    "definition": {
      "$schema": "https://schema.management.azure.com/providers/Microsoft.Logic/schemas/2016-06-01/workflowdefinition.json#",
      "contentVersion": "1.0.0.0",
      "parameters": {
        "$connections": {
          "defaultValue": {},
          "type": "Object"
        },
        "$authentication": {
          "defaultValue": {},
          "type": "SecureObject"
        }
      },
      "triggers": {
        "When_a_Business_Process_is_linked_to_a_Desktop_Flow": {
          "metadata": {
            "operationMetadataId": "954440da-4fa4-4a9f-aac1-ef0c861d236c"
          },
          "type": "OpenApiConnectionWebhook",
          "inputs": {
            "host": {
              "connectionName": "shared_commondataserviceforapps",
              "operationId": "SubscribeWebhookTrigger",
              "apiId": "/providers/Microsoft.PowerApps/apis/shared_commondataserviceforapps"
            },
            "parameters": {
              "subscriptionRequest/message": 4,
              "subscriptionRequest/entityname": "mrok_businessprocess",
              "subscriptionRequest/scope": 4,
              "subscriptionRequest/filteringattributes": "mrok_desktopflow"
            },
            "authentication": "@parameters('$authentication')"
          }
        }
      },
      "actions": {
        "pass": {
          "runAfter": {
            "Condition_Desktop_Flow_not_empty": [
              "Succeeded",
              "Failed",
              "TimedOut",
              "Skipped"
            ]
          },
          "metadata": {
            "operationMetadataId": "63f9391f-077d-4051-a082-bda050e1df1d"
          },
          "type": "Compose",
          "inputs": "pass"
        },
        "Condition_Desktop_Flow_not_empty": {
          "actions": {
            "Get_Desktop_Flow": {
              "runAfter": {},
              "metadata": {
                "operationMetadataId": "6cf05e3b-ac64-45fd-b920-2d1f7b5d5d4f"
              },
              "type": "OpenApiConnection",
              "inputs": {
                "host": {
                  "connectionName": "shared_commondataserviceforapps",
                  "operationId": "GetItem",
                  "apiId": "/providers/Microsoft.PowerApps/apis/shared_commondataserviceforapps"
                },
                "parameters": {
                  "entityName": "workflows",
                  "recordId": "@triggerOutputs()?['body/_mrok_desktopflow_value']"
                },
                "authentication": "@parameters('$authentication')"
              }
            },
            "On_Success": {
              "actions": {
                "Compose": {
                  "runAfter": {},
                  "metadata": {
                    "operationMetadataId": "dbf2c138-39c3-4856-b76a-91d497aaaba3"
                  },
                  "type": "Compose",
                  "inputs": "@outputs('Get_Desktop_Flow')?['body/clientdata']"
                },
                "Parse_Recurrence": {
                  "runAfter": {
                    "Compose": [
                      "Succeeded"
                    ]
                  },
                  "metadata": {
                    "operationMetadataId": "ea349f30-5b63-4d4d-bbf9-f895b094ab13"
                  },
                  "type": "ParseJson",
                  "inputs": {
                    "content": "@outputs('Get_Desktop_Flow')?['body/clientdata']",
                    "schema": {
                      "type": "object",
                      "properties": {
                        "properties": {
                          "type": "object",
                          "properties": {
                            "definition": {
                              "type": "object",
                              "properties": {
                                "$schema": {
                                  "type": "string"
                                },
                                "contentVersion": {
                                  "type": "string"
                                },
                                "parameters": {
                                  "type": "object",
                                  "properties": {
                                    "$connections": {
                                      "type": "object",
                                      "properties": {
                                        "defaultValue": {
                                          "type": "object",
                                          "properties": {}
                                        },
                                        "type": {
                                          "type": "string"
                                        }
                                      }
                                    },
                                    "$authentication": {
                                      "type": "object",
                                      "properties": {
                                        "defaultValue": {
                                          "type": "object",
                                          "properties": {}
                                        },
                                        "type": {
                                          "type": "string"
                                        }
                                      }
                                    }
                                  }
                                },
                                "triggers": {
                                  "type": "object",
                                  "properties": {
                                    "Recurrence": {
                                      "type": "object",
                                      "properties": {
                                        "recurrence": {
                                          "type": "object",
                                          "properties": {
                                            "frequency": {
                                              "type": "string"
                                            },
                                            "interval": {
                                              "type": "integer"
                                            },
                                            "startTime": {
                                              "type": "string"
                                            }
                                          }
                                        },
                                        "metadata": {
                                          "type": "object",
                                          "properties": {
                                            "operationMetadataId": {
                                              "type": "string"
                                            }
                                          }
                                        },
                                        "type": {
                                          "type": "string"
                                        }
                                      }
                                    }
                                  }
                                }
                              }
                            }
                          }
                        },
                        "schemaVersion": {
                          "type": "string"
                        }
                      }
                    }
                  }
                },
                "Update_schedule_info": {
                  "runAfter": {
                    "Parse_Recurrence": [
                      "Succeeded"
                    ]
                  },
                  "metadata": {
                    "operationMetadataId": "b29de0b0-4bff-4656-bd0f-cafede538c1a"
                  },
                  "type": "OpenApiConnection",
                  "inputs": {
                    "host": {
                      "connectionName": "shared_commondataserviceforapps",
                      "operationId": "UpdateRecord",
                      "apiId": "/providers/Microsoft.PowerApps/apis/shared_commondataserviceforapps"
                    },
                    "parameters": {
                      "entityName": "mrok_businessprocesses",
                      "recordId": "@triggerOutputs()?['body/mrok_businessprocessid']",
                      "item/mrok_schedule": "every @{body('Parse_Recurrence')?['properties']?['definition']?['triggers']?['Recurrence']?['recurrence']?['interval']} @{body('Parse_Recurrence')?['properties']?['definition']?['triggers']?['Recurrence']?['recurrence']?['frequency']} since @{formatDateTime(parseDateTime(body('Parse_Recurrence')?['properties']?['definition']?['triggers']?['Recurrence']?['recurrence']?['startTime']), 'dddd, MMMM d, yyyy h:mm tt', 'en-US')}"
                    },
                    "authentication": "@parameters('$authentication')"
                  }
                },
                "Clear_schedule_info_on_fail": {
                  "runAfter": {
                    "Parse_Recurrence": [
                      "Failed"
                    ]
                  },
                  "metadata": {
                    "operationMetadataId": "9358a1a3-b7a5-4bad-897a-ace49067f920"
                  },
                  "type": "OpenApiConnection",
                  "inputs": {
                    "host": {
                      "connectionName": "shared_commondataserviceforapps",
                      "operationId": "UpdateRecord",
                      "apiId": "/providers/Microsoft.PowerApps/apis/shared_commondataserviceforapps"
                    },
                    "parameters": {
                      "entityName": "mrok_businessprocesses",
                      "recordId": "@triggerOutputs()?['body/mrok_businessprocessid']",
                      "item/mrok_schedule": "n/a"
                    },
                    "authentication": "@parameters('$authentication')"
                  }
                },
                "Unrelate_rows_-_clear_Flow_Machine_2": {
                  "runAfter": {
                    "Clear_schedule_info_on_fail": [
                      "Succeeded"
                    ]
                  },
                  "metadata": {
                    "operationMetadataId": "e6717289-24b9-45f8-a063-357d68676230"
                  },
                  "type": "OpenApiConnection",
                  "inputs": {
                    "host": {
                      "connectionName": "shared_commondataserviceforapps",
                      "operationId": "DisassociateEntities",
                      "apiId": "/providers/Microsoft.PowerApps/apis/shared_commondataserviceforapps"
                    },
                    "parameters": {
                      "entityName": "flowmachines",
                      "recordId": "@triggerOutputs()?['body/_mrok_flowmachine_value']",
                      "associationEntityRelationship": "mrok_BusinessProcess_flowmachine_flowmach",
                      "$id": "@triggerOutputs()?['body/mrok_businessprocessid']"
                    },
                    "authentication": "@parameters('$authentication')"
                  }
                }
              },
              "runAfter": {
                "Get_Desktop_Flow": [
                  "Succeeded"
                ]
              },
              "metadata": {
                "operationMetadataId": "6b70932f-2ab4-4a88-bb60-5ee4ace771d5"
              },
              "type": "Scope"
            },
            "On_Fail": {
              "actions": {
                "Unrelate_rows_-_clear_Flow_Machine_3": {
                  "runAfter": {},
                  "metadata": {
                    "operationMetadataId": "5e02c265-b81b-42fc-8d4b-edf274d81cd9"
                  },
                  "type": "OpenApiConnection",
                  "inputs": {
                    "host": {
                      "connectionName": "shared_commondataserviceforapps",
                      "operationId": "DisassociateEntities",
                      "apiId": "/providers/Microsoft.PowerApps/apis/shared_commondataserviceforapps"
                    },
                    "parameters": {
                      "entityName": "flowmachines",
                      "recordId": "@triggerOutputs()?['body/_mrok_flowmachine_value']",
                      "associationEntityRelationship": "mrok_BusinessProcess_flowmachine_flowmach",
                      "$id": "@triggerOutputs()?['body/mrok_businessprocessid']"
                    },
                    "authentication": "@parameters('$authentication')"
                  }
                }
              },
              "runAfter": {
                "Get_Desktop_Flow": [
                  "Succeeded"
                ]
              },
              "metadata": {
                "operationMetadataId": "94d55844-043e-42e9-8521-d9ac15d5edf7"
              },
              "type": "Scope"
            }
          },
          "runAfter": {},
          "expression": {
            "equals": [
              "@empty(triggerOutputs()?['_mrok_desktopflow_value'])",
              "@false"
            ]
          },
          "metadata": {
            "operationMetadataId": "acfbdb95-dd14-45a4-b78f-0004bf69873d"
          },
          "type": "If"
        }
      },
      "outputs": {}
    },
    "templateName": ""
  },
  "schemaVersion": "1.0.0.0"
}