{
  "properties": {
    "connectionReferences": {
      "shared_commondataserviceforapps_1": {
        "runtimeSource": "embedded",
        "connection": {
          "connectionReferenceLogicalName": "mrok_MicrosoftDataverse"
        },
        "api": {
          "name": "shared_commondataserviceforapps"
        }
      }
    },
    "definition": {
      "$schema": "https://schema.management.azure.com/providers/Microsoft.Logic/schemas/2016-06-01/workflowdefinition.json#",
      "contentVersion": "1.0.0.0",
      "parameters": {
        "$connections": {
          "defaultValue": {},
          "type": "Object"
        },
        "$authentication": {
          "defaultValue": {},
          "type": "SecureObject"
        }
      },
      "triggers": {
        "manual": {
          "metadata": {
            "operationMetadataId": "1cbaf536-d847-4b68-af68-e2f39dc96ab5"
          },
          "type": "Request",
          "kind": "Button",
          "inputs": {
            "schema": {
              "type": "object",
              "properties": {
                "text": {
                  "title": "Business Process Id",
                  "type": "string",
                  "x-ms-dynamically-added": true,
                  "description": "Please enter your input",
                  "x-ms-content-hint": "TEXT"
                },
                "text_1": {
                  "title": "Custom run name",
                  "type": "string",
                  "x-ms-dynamically-added": true,
                  "description": "Leave empty for UTC time, or provide custom run name",
                  "x-ms-content-hint": "TEXT"
                }
              },
              "required": [
                "text"
              ]
            }
          }
        }
      },
      "actions": {
        "Add_a_new_row": {
          "runAfter": {},
          "metadata": {
            "operationMetadataId": "36a4ee5b-be89-4501-8acc-fb89be35f686"
          },
          "type": "OpenApiConnection",
          "inputs": {
            "host": {
              "connectionName": "shared_commondataserviceforapps_1",
              "operationId": "CreateRecord",
              "apiId": "/providers/Microsoft.PowerApps/apis/shared_commondataserviceforapps"
            },
            "parameters": {
              "entityName": "mrok_cloudflowrunhistories",
              "item/mrok_name": "@if(contains(triggerBody(),'text_2'),triggerBody()?['text_2'],null)",
              "item/mrok_BusinessProcess@odata.bind": "/mrok_businessprocesses(@{triggerBody()['text']})",
              "item/mrok_startedat": "@utcNow()"
            },
            "authentication": {
              "type": "Raw",
              "value": "@json(decodeBase64(triggerOutputs().headers['X-MS-APIM-Tokens']))['$ConnectionKey']"
            }
          }
        },
        "Respond_to_a_PowerApp_or_flow": {
          "runAfter": {
            "Update_a_row": [
              "Succeeded",
              "Failed",
              "Skipped",
              "TimedOut"
            ]
          },
          "metadata": {
            "operationMetadataId": "527dd474-97dd-409c-a153-31bfbf8752af"
          },
          "type": "Response",
          "kind": "PowerApp",
          "inputs": {
            "statusCode": 200,
            "body": {
              "run_id": "@outputs('Add_a_new_row')?['body/mrok_cloudflowrunhistoryid']"
            },
            "schema": {
              "type": "object",
              "properties": {
                "run_id": {
                  "title": "Run Id",
                  "x-ms-dynamically-added": true,
                  "type": "string"
                }
              }
            }
          }
        },
        "Update_a_row": {
          "runAfter": {
            "Add_a_new_row": [
              "Succeeded"
            ]
          },
          "metadata": {
            "operationMetadataId": "537becbc-9619-4820-888b-ffc0d8d2e7c6"
          },
          "type": "OpenApiConnection",
          "inputs": {
            "host": {
              "connectionName": "shared_commondataserviceforapps_1",
              "operationId": "UpdateRecord",
              "apiId": "/providers/Microsoft.PowerApps/apis/shared_commondataserviceforapps"
            },
            "parameters": {
              "entityName": "mrok_businessprocesses",
              "recordId": "@outputs('Add_a_new_row')?['body/_mrok_businessprocess_value']",
              "item/mrok_lastrun": "@utcNow()"
            },
            "authentication": {
              "type": "Raw",
              "value": "@json(decodeBase64(triggerOutputs().headers['X-MS-APIM-Tokens']))['$ConnectionKey']"
            }
          }
        }
      }
    },
    "templateName": ""
  },
  "schemaVersion": "1.0.0.0"
}