{
  "properties": {
    "connectionReferences": {
      "shared_commondataserviceforapps_1": {
        "runtimeSource": "embedded",
        "connection": {
          "connectionReferenceLogicalName": "mrok_MicrosoftDataverse"
        },
        "api": {
          "name": "shared_commondataserviceforapps"
        }
      }
    },
    "definition": {
      "$schema": "https://schema.management.azure.com/providers/Microsoft.Logic/schemas/2016-06-01/workflowdefinition.json#",
      "contentVersion": "1.0.0.0",
      "parameters": {
        "$connections": {
          "defaultValue": {},
          "type": "Object"
        },
        "$authentication": {
          "defaultValue": {},
          "type": "SecureObject"
        }
      },
      "triggers": {
        "manual": {
          "metadata": {
            "operationMetadataId": "9372b468-c0b4-4347-aefb-e9856bc3323d"
          },
          "type": "Request",
          "kind": "Button",
          "inputs": {
            "schema": {
              "type": "object",
              "properties": {
                "text": {
                  "title": "Run Id",
                  "type": "string",
                  "x-ms-dynamically-added": true,
                  "description": "As received when process started",
                  "x-ms-content-hint": "TEXT"
                },
                "text_2": {
                  "title": "Error text",
                  "type": "string",
                  "x-ms-dynamically-added": true,
                  "description": "string(body('your_cloud_flow'))",
                  "x-ms-content-hint": "TEXT"
                },
                "number": {
                  "title": "StatusCode",
                  "type": "number",
                  "x-ms-dynamically-added": true,
                  "description": "outputs('your_cloud_flow')?['statusCode']",
                  "x-ms-content-hint": "NUMBER"
                }
              },
              "required": [
                "text",
                "text_2",
                "number"
              ]
            }
          }
        }
      },
      "actions": {
        "Update_a_row": {
          "runAfter": {},
          "metadata": {
            "operationMetadataId": "773d7739-9945-4909-8f57-56031025e705"
          },
          "type": "OpenApiConnection",
          "inputs": {
            "host": {
              "connectionName": "shared_commondataserviceforapps_1",
              "operationId": "UpdateRecord",
              "apiId": "/providers/Microsoft.PowerApps/apis/shared_commondataserviceforapps"
            },
            "parameters": {
              "entityName": "mrok_cloudflowrunhistories",
              "recordId": "@triggerBody()['text']",
              "item/mrok_errortext": "@triggerBody()['text_2']",
              "item/mrok_resultcode": "@triggerBody()['number']",
              "item/mrok_stoppedat": "@utcNow()"
            },
            "authentication": {
              "type": "Raw",
              "value": "@json(decodeBase64(triggerOutputs().headers['X-MS-APIM-Tokens']))['$ConnectionKey']"
            }
          }
        },
        "Respond_to_a_PowerApp_or_flow": {
          "runAfter": {
            "Update_a_row_2": [
              "Succeeded"
            ]
          },
          "metadata": {
            "operationMetadataId": "2e6f3500-c5bd-471f-819a-019fcad933d9"
          },
          "type": "Response",
          "kind": "PowerApp",
          "inputs": {
            "statusCode": 200,
            "body": {},
            "schema": {
              "type": "object",
              "properties": {}
            }
          }
        },
        "Update_a_row_2": {
          "runAfter": {
            "Update_a_row": [
              "Succeeded"
            ]
          },
          "metadata": {
            "operationMetadataId": "130e814e-f27d-4446-86fb-dc0a5560bc89"
          },
          "type": "OpenApiConnection",
          "inputs": {
            "host": {
              "connectionName": "shared_commondataserviceforapps_1",
              "operationId": "UpdateRecord",
              "apiId": "/providers/Microsoft.PowerApps/apis/shared_commondataserviceforapps"
            },
            "parameters": {
              "entityName": "mrok_businessprocesses",
              "recordId": "@outputs('Update_a_row')?['body/_mrok_businessprocess_value']",
              "item/mrok_lastresult": "@string(if(equals(triggerBody()['number'],200),'OK',triggerBody()['number']))"
            },
            "authentication": {
              "type": "Raw",
              "value": "@json(decodeBase64(triggerOutputs().headers['X-MS-APIM-Tokens']))['$ConnectionKey']"
            }
          }
        }
      }
    },
    "templateName": ""
  },
  "schemaVersion": "1.0.0.0"
}