{
  "properties": {
    "connectionReferences": {
      "shared_commondataserviceforapps_1": {
        "runtimeSource": "embedded",
        "connection": {
          "connectionReferenceLogicalName": "mrok_MicrosoftDataverse"
        },
        "api": {
          "name": "shared_commondataserviceforapps"
        }
      }
    },
    "definition": {
      "$schema": "https://schema.management.azure.com/providers/Microsoft.Logic/schemas/2016-06-01/workflowdefinition.json#",
      "contentVersion": "1.0.0.0",
      "parameters": {
        "$connections": {
          "defaultValue": {},
          "type": "Object"
        },
        "$authentication": {
          "defaultValue": {},
          "type": "SecureObject"
        }
      },
      "triggers": {
        "manual": {
          "metadata": {
            "operationMetadataId": "fe480d5a-87b4-4259-a0e9-629153cbfad7"
          },
          "type": "Request",
          "kind": "Button",
          "inputs": {
            "schema": {
              "type": "object",
              "properties": {
                "text": {
                  "title": "Flow Machine Id",
                  "type": "string",
                  "x-ms-dynamically-added": true,
                  "description": "unique record id from Flow Machine table",
                  "x-ms-content-hint": "TEXT"
                }
              },
              "required": [
                "text"
              ]
            }
          }
        }
      },
      "actions": {
        "On_Success": {
          "actions": {
            "Respond_to_a_PowerApp_or_flow": {
              "runAfter": {},
              "metadata": {
                "operationMetadataId": "71b494f5-aae9-4e20-9557-c075b5fb685a"
              },
              "type": "Response",
              "kind": "PowerApp",
              "inputs": {
                "statusCode": 200,
                "body": {
                  "machine_connected": "@equals(body('Parse_JSON')?[0]['status'],'Online')",
                  "description": "@{body('Parse_JSON')?[0]['status']}, @{outputs('Get_a_row_by_ID')?['body/agentversion']}"
                },
                "schema": {
                  "type": "object",
                  "properties": {
                    "machine_connected": {
                      "title": "Machine connected",
                      "x-ms-dynamically-added": true,
                      "type": "boolean"
                    },
                    "description": {
                      "title": "Description",
                      "x-ms-dynamically-added": true,
                      "type": "string"
                    }
                  }
                }
              }
            }
          },
          "runAfter": {
            "try": [
              "Succeeded"
            ]
          },
          "metadata": {
            "operationMetadataId": "592e93fa-1ee1-4221-9834-cc1a563ecb59"
          },
          "type": "Scope"
        },
        "On_Error": {
          "actions": {
            "Respond_to_a_PowerApp_or_flow_2": {
              "runAfter": {},
              "metadata": {
                "operationMetadataId": "f6ae5158-1f04-4475-ab9c-d3b3552e282e"
              },
              "type": "Response",
              "kind": "PowerApp",
              "inputs": {
                "statusCode": 200,
                "body": {
                  "machine_connected": "@false",
                  "description": "Could not read machine information"
                },
                "schema": {
                  "type": "object",
                  "properties": {
                    "machine_connected": {
                      "title": "Machine connected",
                      "x-ms-dynamically-added": true,
                      "type": "boolean"
                    },
                    "description": {
                      "title": "Description",
                      "x-ms-dynamically-added": true,
                      "type": "string"
                    }
                  }
                }
              }
            }
          },
          "runAfter": {
            "try": [
              "Failed",
              "Skipped",
              "TimedOut"
            ]
          },
          "metadata": {
            "operationMetadataId": "82bffef0-8480-4d98-8998-4e57d834cd11"
          },
          "type": "Scope"
        },
        "try": {
          "actions": {
            "Get_machine_status_using_unbound_action": {
              "runAfter": {},
              "metadata": {
                "operationMetadataId": "e8b37379-f3ea-4830-9847-b6f9d82a57f7"
              },
              "type": "OpenApiConnection",
              "inputs": {
                "host": {
                  "connectionName": "shared_commondataserviceforapps_1",
                  "operationId": "PerformUnboundAction",
                  "apiId": "/providers/Microsoft.PowerApps/apis/shared_commondataserviceforapps"
                },
                "parameters": {
                  "actionName": "BatchGetFlowMachineStatus",
                  "item/machineIds": "[\"@{triggerBody()['text']}\"]",
                  "item/version": "2"
                },
                "authentication": {
                  "type": "Raw",
                  "value": "@json(decodeBase64(triggerOutputs().headers['X-MS-APIM-Tokens']))['$ConnectionKey']"
                }
              }
            },
            "Parse_JSON": {
              "runAfter": {
                "Get_a_row_by_ID": [
                  "Succeeded"
                ]
              },
              "metadata": {
                "operationMetadataId": "540f33e5-8540-49b8-99f3-672c4b95b18c"
              },
              "type": "ParseJson",
              "inputs": {
                "content": "@outputs('Get_machine_status_using_unbound_action')?['body/machineStatuses']",
                "schema": {
                  "type": "array",
                  "items": {
                    "type": "object",
                    "properties": {
                      "machineId": {
                        "type": "string"
                      },
                      "status": {
                        "type": "string"
                      }
                    },
                    "required": [
                      "machineId",
                      "status"
                    ]
                  }
                }
              }
            },
            "Get_a_row_by_ID": {
              "runAfter": {
                "Get_machine_status_using_unbound_action": [
                  "Succeeded"
                ]
              },
              "metadata": {
                "operationMetadataId": "54f46c3e-98b0-40b8-950a-70e2c2cc7879"
              },
              "type": "OpenApiConnection",
              "inputs": {
                "host": {
                  "connectionName": "shared_commondataserviceforapps_1",
                  "operationId": "GetItem",
                  "apiId": "/providers/Microsoft.PowerApps/apis/shared_commondataserviceforapps"
                },
                "parameters": {
                  "entityName": "flowmachines",
                  "recordId": "@triggerBody()['text']"
                },
                "authentication": {
                  "type": "Raw",
                  "value": "@json(decodeBase64(triggerOutputs().headers['X-MS-APIM-Tokens']))['$ConnectionKey']"
                }
              }
            }
          },
          "runAfter": {},
          "metadata": {
            "operationMetadataId": "1ffc02a4-b726-4b8e-b9a5-8cbf72ed723a"
          },
          "type": "Scope"
        }
      }
    },
    "templateName": ""
  },
  "schemaVersion": "1.0.0.0"
}