{
  "properties": {
    "connectionReferences": {
      "shared_commondataserviceforapps_1": {
        "runtimeSource": "embedded",
        "connection": {
          "connectionReferenceLogicalName": "mrok_MicrosoftDataverse"
        },
        "api": {
          "name": "shared_commondataserviceforapps"
        }
      }
    },
    "definition": {
      "$schema": "https://schema.management.azure.com/providers/Microsoft.Logic/schemas/2016-06-01/workflowdefinition.json#",
      "contentVersion": "1.0.0.0",
      "parameters": {
        "$connections": {
          "defaultValue": {},
          "type": "Object"
        },
        "$authentication": {
          "defaultValue": {},
          "type": "SecureObject"
        }
      },
      "triggers": {
        "When_a_row_is_added,_modified_or_deleted": {
          "metadata": {
            "operationMetadataId": "2cc8be7d-ebee-42e7-b60b-e3b0d7161678"
          },
          "type": "OpenApiConnectionWebhook",
          "inputs": {
            "host": {
              "connectionName": "shared_commondataserviceforapps_1",
              "operationId": "SubscribeWebhookTrigger",
              "apiId": "/providers/Microsoft.PowerApps/apis/shared_commondataserviceforapps"
            },
            "parameters": {
              "subscriptionRequest/message": 4,
              "subscriptionRequest/entityname": "mrok_businessprocess",
              "subscriptionRequest/scope": 4,
              "subscriptionRequest/filteringattributes": "mrok_updatemachinestatus",
              "subscriptionRequest/filterexpression": "mrok_updatemachinestatus eq true"
            },
            "authentication": "@parameters('$authentication')"
          }
        }
      },
      "actions": {
        "Get_Flow_Machine_info": {
          "runAfter": {},
          "metadata": {
            "operationMetadataId": "e0535c0e-1c80-4af2-a84b-e96d2ba4ace4"
          },
          "type": "Workflow",
          "inputs": {
            "host": {
              "workflowReferenceName": "4040dd84-9dff-ed11-8f6e-002248087418"
            },
            "body": {
              "text": "@triggerOutputs()?['body/_mrok_flowmachine_value']"
            }
          }
        },
        "Update_Business_Process_with_machine_status": {
          "runAfter": {
            "Get_Flow_Machine_info": [
              "Succeeded"
            ]
          },
          "metadata": {
            "operationMetadataId": "641d8351-ce1c-4b3b-97d9-46cf8c8480d7"
          },
          "type": "OpenApiConnection",
          "inputs": {
            "host": {
              "connectionName": "shared_commondataserviceforapps_1",
              "operationId": "UpdateRecord",
              "apiId": "/providers/Microsoft.PowerApps/apis/shared_commondataserviceforapps"
            },
            "parameters": {
              "entityName": "mrok_businessprocesses",
              "recordId": "@triggerOutputs()?['body/mrok_businessprocessid']",
              "item/mrok_machinestatus": "@body('Get_Flow_Machine_info')?['machine_connected']",
              "item/mrok_machinestatusdescription": "@body('Get_Flow_Machine_info')?['description']",
              "item/mrok_machinestatusupdated": "@utcNow()",
              "item/mrok_updatemachinestatus": false
            },
            "authentication": "@parameters('$authentication')"
          }
        }
      }
    },
    "templateName": ""
  },
  "schemaVersion": "1.0.0.0"
}