{
  "properties": {
    "connectionReferences": {
      "shared_commondataserviceforapps_1": {
        "runtimeSource": "embedded",
        "connection": {
          "connectionReferenceLogicalName": "mrok_MicrosoftDataverse"
        },
        "api": {
          "name": "shared_commondataserviceforapps"
        }
      }
    },
    "definition": {
      "$schema": "https://schema.management.azure.com/providers/Microsoft.Logic/schemas/2016-06-01/workflowdefinition.json#",
      "contentVersion": "1.0.0.0",
      "parameters": {
        "$connections": {
          "defaultValue": {},
          "type": "Object"
        },
        "$authentication": {
          "defaultValue": {},
          "type": "SecureObject"
        }
      },
      "triggers": {
        "When_a_Business_Process_is_linked_to_a_Cloud_Flow": {
          "metadata": {
            "operationMetadataId": "954440da-4fa4-4a9f-aac1-ef0c861d236c"
          },
          "type": "OpenApiConnectionWebhook",
          "inputs": {
            "host": {
              "connectionName": "shared_commondataserviceforapps_1",
              "operationId": "SubscribeWebhookTrigger",
              "apiId": "/providers/Microsoft.PowerApps/apis/shared_commondataserviceforapps"
            },
            "parameters": {
              "subscriptionRequest/message": 4,
              "subscriptionRequest/entityname": "mrok_businessprocess",
              "subscriptionRequest/scope": 4,
              "subscriptionRequest/filteringattributes": "mrok_cloudflow"
            },
            "authentication": "@parameters('$authentication')"
          }
        }
      },
      "actions": {
        "Get_Cloud_Flow": {
          "runAfter": {},
          "metadata": {
            "operationMetadataId": "6cf05e3b-ac64-45fd-b920-2d1f7b5d5d4f"
          },
          "type": "OpenApiConnection",
          "inputs": {
            "host": {
              "connectionName": "shared_commondataserviceforapps_1",
              "operationId": "GetItem",
              "apiId": "/providers/Microsoft.PowerApps/apis/shared_commondataserviceforapps"
            },
            "parameters": {
              "entityName": "workflows",
              "recordId": "@triggerOutputs()?['body/_mrok_cloudflow_value']"
            },
            "authentication": "@parameters('$authentication')"
          }
        },
        "On_Success": {
          "actions": {
            "Compose": {
              "runAfter": {},
              "metadata": {
                "operationMetadataId": "dbf2c138-39c3-4856-b76a-91d497aaaba3"
              },
              "type": "Compose",
              "inputs": "@outputs('Get_Cloud_Flow')?['body/clientdata']"
            },
            "Clear_schedule_info_on_fail": {
              "runAfter": {
                "Recurrence_information": [
                  "Failed",
                  "Skipped",
                  "TimedOut"
                ]
              },
              "metadata": {
                "operationMetadataId": "9358a1a3-b7a5-4bad-897a-ace49067f920"
              },
              "type": "OpenApiConnection",
              "inputs": {
                "host": {
                  "connectionName": "shared_commondataserviceforapps_1",
                  "operationId": "UpdateRecord",
                  "apiId": "/providers/Microsoft.PowerApps/apis/shared_commondataserviceforapps"
                },
                "parameters": {
                  "entityName": "mrok_businessprocesses",
                  "recordId": "@triggerOutputs()?['body/mrok_businessprocessid']",
                  "item/mrok_schedule": "n/a"
                },
                "authentication": "@parameters('$authentication')"
              }
            },
            "Recurrence_information": {
              "actions": {
                "Parse_Recurrence": {
                  "runAfter": {},
                  "metadata": {
                    "operationMetadataId": "ea349f30-5b63-4d4d-bbf9-f895b094ab13"
                  },
                  "type": "ParseJson",
                  "inputs": {
                    "content": "@outputs('Get_Cloud_Flow')?['body/clientdata']",
                    "schema": {
                      "type": "object",
                      "properties": {
                        "properties": {
                          "type": "object",
                          "properties": {
                            "definition": {
                              "type": "object",
                              "properties": {
                                "$schema": {
                                  "type": "string"
                                },
                                "contentVersion": {
                                  "type": "string"
                                },
                                "parameters": {
                                  "type": "object",
                                  "properties": {
                                    "$connections": {
                                      "type": "object",
                                      "properties": {
                                        "defaultValue": {
                                          "type": "object",
                                          "properties": {}
                                        },
                                        "type": {
                                          "type": "string"
                                        }
                                      }
                                    },
                                    "$authentication": {
                                      "type": "object",
                                      "properties": {
                                        "defaultValue": {
                                          "type": "object",
                                          "properties": {}
                                        },
                                        "type": {
                                          "type": "string"
                                        }
                                      }
                                    }
                                  }
                                },
                                "triggers": {
                                  "type": "object",
                                  "properties": {
                                    "Recurrence": {
                                      "type": "object",
                                      "properties": {
                                        "recurrence": {
                                          "type": "object",
                                          "properties": {
                                            "frequency": {
                                              "type": "string"
                                            },
                                            "interval": {
                                              "type": "integer"
                                            },
                                            "startTime": {
                                              "type": "string"
                                            }
                                          }
                                        },
                                        "metadata": {
                                          "type": "object",
                                          "properties": {
                                            "operationMetadataId": {
                                              "type": "string"
                                            }
                                          }
                                        },
                                        "type": {
                                          "type": "string"
                                        }
                                      }
                                    }
                                  }
                                }
                              }
                            }
                          }
                        },
                        "schemaVersion": {
                          "type": "string"
                        }
                      }
                    }
                  }
                },
                "Update_schedule_info": {
                  "runAfter": {
                    "Since": [
                      "Succeeded"
                    ]
                  },
                  "metadata": {
                    "operationMetadataId": "b29de0b0-4bff-4656-bd0f-cafede538c1a"
                  },
                  "type": "OpenApiConnection",
                  "inputs": {
                    "host": {
                      "connectionName": "shared_commondataserviceforapps_1",
                      "operationId": "UpdateRecord",
                      "apiId": "/providers/Microsoft.PowerApps/apis/shared_commondataserviceforapps"
                    },
                    "parameters": {
                      "entityName": "mrok_businessprocesses",
                      "recordId": "@triggerOutputs()?['body/mrok_businessprocessid']",
                      "item/mrok_schedule": "every @{outputs('Recurrence_tag')?['interval']} @{toLower(outputs('Recurrence_tag')?['frequency'])} @{outputs('Since')}"
                    },
                    "authentication": "@parameters('$authentication')"
                  }
                },
                "Recurrence_tag": {
                  "runAfter": {
                    "Parse_Recurrence": [
                      "Succeeded"
                    ]
                  },
                  "metadata": {
                    "operationMetadataId": "3a4999d1-35fd-4982-bc75-2446ceb0dff1"
                  },
                  "type": "Compose",
                  "inputs": "@body('Parse_Recurrence')?['properties']?['definition']?['triggers']?['Recurrence']?['recurrence']"
                },
                "Since": {
                  "runAfter": {
                    "Recurrence_tag": [
                      "Succeeded"
                    ]
                  },
                  "metadata": {
                    "operationMetadataId": "7d66d20a-bf8a-43d2-a9cb-a23306967f77"
                  },
                  "type": "Compose",
                  "inputs": "@if(empty(body('Parse_Recurrence')?['properties']?['definition']?['triggers']?['Recurrence']?['recurrence']?['startTime']),'',concat('starting from ',formatDateTime(parseDateTime(body('Parse_Recurrence')?['properties']?['definition']?['triggers']?['Recurrence']?['recurrence']?['startTime']), 'dddd, MMMM d, yyyy h:mm tt', 'en-US')))"
                }
              },
              "runAfter": {
                "Compose": [
                  "Succeeded"
                ]
              },
              "metadata": {
                "operationMetadataId": "1ad902c2-9d2c-458d-b8b9-0a86e5a0c83b"
              },
              "type": "Scope"
            },
            "Desktop_flow_machine_information": {
              "actions": {
                "Parse_Connection_Reference": {
                  "runAfter": {},
                  "metadata": {
                    "operationMetadataId": "8b87c499-1d1b-445b-932a-37536619e9e4"
                  },
                  "type": "ParseJson",
                  "inputs": {
                    "content": "@outputs('Get_Cloud_Flow')?['body/clientdata']",
                    "schema": {
                      "type": "object",
                      "properties": {
                        "properties": {
                          "type": "object",
                          "properties": {
                            "connectionReferences": {
                              "type": "object",
                              "properties": {
                                "shared_uiflow": {
                                  "type": "object",
                                  "properties": {
                                    "runtimeSource": {
                                      "type": "string"
                                    },
                                    "connection": {
                                      "type": "object",
                                      "properties": {
                                        "connectionReferenceLogicalName": {
                                          "type": "string"
                                        }
                                      }
                                    },
                                    "api": {
                                      "type": "object",
                                      "properties": {
                                        "name": {
                                          "type": "string"
                                        }
                                      }
                                    }
                                  }
                                }
                              }
                            }
                          }
                        }
                      }
                    }
                  }
                },
                "List_rows_Connection_References": {
                  "runAfter": {
                    "Parse_Connection_Reference_2": [
                      "Succeeded"
                    ]
                  },
                  "metadata": {
                    "operationMetadataId": "ef9919de-e6b5-4e6d-9155-d6ecb56507af"
                  },
                  "type": "OpenApiConnection",
                  "inputs": {
                    "host": {
                      "connectionName": "shared_commondataserviceforapps_1",
                      "operationId": "ListRecords",
                      "apiId": "/providers/Microsoft.PowerApps/apis/shared_commondataserviceforapps"
                    },
                    "parameters": {
                      "entityName": "connectionreferences",
                      "$filter": "connectionreferencelogicalname eq '@{body('Parse_Connection_Reference_2')?['shared_uiflow_2']?['connection']?['connectionReferenceLogicalName']}'",
                      "$top": 1
                    },
                    "authentication": "@parameters('$authentication')"
                  }
                },
                "Parse_Connection_Reference_2": {
                  "runAfter": {
                    "Parse_Connection_Reference": [
                      "Succeeded"
                    ]
                  },
                  "metadata": {
                    "operationMetadataId": "28db09b0-b6ce-4237-975f-6c1cc5d0f3ce"
                  },
                  "type": "ParseJson",
                  "inputs": {
                    "content": "@body('Parse_Connection_Reference')?['properties']?['connectionReferences']",
                    "schema": {
                      "type": "object",
                      "properties": {
                        "shared_uiflow_2": {
                          "type": "object",
                          "properties": {
                            "runtimeSource": {
                              "type": "string"
                            },
                            "connection": {
                              "type": "object",
                              "properties": {
                                "connectionReferenceLogicalName": {
                                  "type": "string"
                                }
                              }
                            },
                            "api": {
                              "type": "object",
                              "properties": {
                                "name": {
                                  "type": "string"
                                }
                              }
                            }
                          }
                        }
                      }
                    }
                  }
                },
                "Update_a_row": {
                  "runAfter": {
                    "List_rows_Connection_References": [
                      "Succeeded"
                    ]
                  },
                  "metadata": {
                    "operationMetadataId": "e856cee6-3a41-404a-8446-91bc6af85bfb"
                  },
                  "type": "OpenApiConnection",
                  "inputs": {
                    "host": {
                      "connectionName": "shared_commondataserviceforapps_1",
                      "operationId": "UpdateRecord",
                      "apiId": "/providers/Microsoft.PowerApps/apis/shared_commondataserviceforapps"
                    },
                    "parameters": {
                      "entityName": "mrok_businessprocesses",
                      "recordId": "@triggerOutputs()?['body/mrok_businessprocessid']",
                      "item/mrok_connectionreferencename": "@body('List_rows_Connection_References')?['value'][0]['connectionreferencedisplayname']"
                    },
                    "authentication": "@parameters('$authentication')"
                  }
                }
              },
              "runAfter": {
                "Clear_schedule_info_on_fail": [
                  "Succeeded",
                  "Skipped"
                ]
              },
              "metadata": {
                "operationMetadataId": "65d76c67-7b28-44a2-b2e3-d0013e9de28d"
              },
              "type": "Scope"
            },
            "Desktop_flow_link": {
              "actions": {
                "Parse_JSON": {
                  "runAfter": {},
                  "metadata": {
                    "operationMetadataId": "a4d25f1d-5cf2-4836-8ea4-6d7106aa8511"
                  },
                  "type": "ParseJson",
                  "inputs": {
                    "content": "@outputs('Get_Cloud_Flow')?['body/clientdata']",
                    "schema": {
                      "type": "object",
                      "properties": {
                        "properties": {
                          "type": "object",
                          "properties": {
                            "definition": {
                              "type": "object",
                              "properties": {
                                "$schema": {
                                  "type": "string"
                                },
                                "contentVersion": {
                                  "type": "string"
                                },
                                "actions": {
                                  "type": "object",
                                  "properties": {}
                                }
                              }
                            },
                            "templateName": {
                              "type": "string"
                            }
                          }
                        },
                        "schemaVersion": {
                          "type": "string"
                        }
                      }
                    }
                  }
                },
                "Compose_2": {
                  "runAfter": {
                    "Parse_JSON": [
                      "Succeeded"
                    ]
                  },
                  "metadata": {
                    "operationMetadataId": "24c92bcf-ebfe-4fd4-85a6-c12153a77bdb"
                  },
                  "type": "Compose",
                  "inputs": {
                    "actions": "@body('Parse_JSON')?['properties']?['definition']?['actions']"
                  }
                },
                "Compose_3": {
                  "runAfter": {
                    "Compose_2": [
                      "Succeeded"
                    ]
                  },
                  "metadata": {
                    "operationMetadataId": "6b36d4fa-eaa3-47b7-a65e-f328641ad9dd"
                  },
                  "type": "Compose",
                  "inputs": "@xpath(xml(outputs('Compose_2')),'string(/actions/*/inputs/host/connectionName[\"shared_uiflow_2\"][1]/../../parameters/uiFlowId)')"
                },
                "Update_a_row_2": {
                  "runAfter": {
                    "Compose_3": [
                      "Succeeded"
                    ]
                  },
                  "metadata": {
                    "operationMetadataId": "8bc45920-2cd3-4462-8e13-de0828b3a20e"
                  },
                  "type": "OpenApiConnection",
                  "inputs": {
                    "host": {
                      "connectionName": "shared_commondataserviceforapps_1",
                      "operationId": "UpdateRecord",
                      "apiId": "/providers/Microsoft.PowerApps/apis/shared_commondataserviceforapps"
                    },
                    "parameters": {
                      "entityName": "mrok_businessprocesses",
                      "recordId": "@triggerOutputs()?['body/mrok_businessprocessid']",
                      "item/mrok_DesktopFlow@odata.bind": "/workflows(@{xpath(xml(outputs('Compose_2')),'string(/actions/*/inputs/host/connectionName[\"shared_uiflow_2\"][1]/../../parameters/uiFlowId)')})"
                    },
                    "authentication": "@parameters('$authentication')"
                  }
                }
              },
              "runAfter": {
                "Clear_connection_reference_on_fail": [
                  "Succeeded",
                  "Skipped"
                ]
              },
              "metadata": {
                "operationMetadataId": "c32ca01e-8102-41a1-a3d8-db6fbe686fe0"
              },
              "type": "Scope"
            },
            "Clear_connection_reference_on_fail": {
              "runAfter": {
                "Desktop_flow_machine_information": [
                  "Failed"
                ]
              },
              "metadata": {
                "operationMetadataId": "9358a1a3-b7a5-4bad-897a-ace49067f920"
              },
              "type": "OpenApiConnection",
              "inputs": {
                "host": {
                  "connectionName": "shared_commondataserviceforapps_1",
                  "operationId": "UpdateRecord",
                  "apiId": "/providers/Microsoft.PowerApps/apis/shared_commondataserviceforapps"
                },
                "parameters": {
                  "entityName": "mrok_businessprocesses",
                  "recordId": "@triggerOutputs()?['body/mrok_businessprocessid']",
                  "item/mrok_connectionreferencename": "@null"
                },
                "authentication": "@parameters('$authentication')"
              }
            },
            "Clear_desktop_flow_link_on_fail": {
              "runAfter": {
                "Desktop_flow_link": [
                  "Failed"
                ]
              },
              "metadata": {
                "operationMetadataId": "9358a1a3-b7a5-4bad-897a-ace49067f920"
              },
              "type": "OpenApiConnection",
              "inputs": {
                "host": {
                  "connectionName": "shared_commondataserviceforapps_1",
                  "operationId": "UpdateRecord",
                  "apiId": "/providers/Microsoft.PowerApps/apis/shared_commondataserviceforapps"
                },
                "parameters": {
                  "entityName": "mrok_businessprocesses",
                  "recordId": "@triggerOutputs()?['body/mrok_businessprocessid']",
                  "item/mrok_connectionreferencename": "",
                  "item/mrok_DesktopFlow@odata.bind": "/workflows()"
                },
                "authentication": "@parameters('$authentication')"
              }
            }
          },
          "runAfter": {
            "Get_Cloud_Flow": [
              "Succeeded"
            ]
          },
          "metadata": {
            "operationMetadataId": "6b70932f-2ab4-4a88-bb60-5ee4ace771d5"
          },
          "type": "Scope"
        },
        "On_Fail": {
          "actions": {},
          "runAfter": {
            "Get_Cloud_Flow": [
              "Failed"
            ]
          },
          "metadata": {
            "operationMetadataId": "94d55844-043e-42e9-8521-d9ac15d5edf7"
          },
          "type": "Scope"
        }
      },
      "outputs": {}
    },
    "templateName": ""
  },
  "schemaVersion": "1.0.0.0"
}